date,timestamp,NDVI,EVI,LST_day,LST_night,precip_7d,precip_15d,precip_30d,precip_60d,precip_90d,LST_range,LST_mean,NDVI_EVI_ratio,year,month,day_of_year,season,thermal_stress,NDVI_change,NDVI_rolling_mean_30d,ET_estimate,water_balance_7d,water_balance_15d,water_balance_30d,water_balance_60d,water_balance_90d
2015-02-02,1422835200000,0.6991017137524391,0.6184124289471453,28.347134130822116,22.339211843556487,20.64813892097178,34.86259674053008,83.8338960701549,188.530909333549,340.2466171505877,6.007922287265629,25.343172987189302,1.1304762817694085,2015,2,33,verano,0,-0.03683011305452977,0.7175167702797041,12.671586493594651,-68.05296653419079,-155.2112006633897,-296.3136987376846,-571.7642802821301,-800.1961672729308
2015-03-06,1425600000000,0.7321956816832103,0.5319744549079495,24.350587087469282,21.74754135912448,17.268958926393026,50.47897214386677,168.0110991211088,216.48730966427283,356.5420084546577,2.603045728344803,23.04906422329688,1.3763711745120006,2015,3,65,otoño,0,0.03309396793077113,0.7156486977178247,11.52453211164844,-63.40276585514606,-122.38900953085982,-177.7248642283444,-474.9846170346335,-680.6658815937019
2015-03-22,1426982400000,0.7280052430643926,0.42735929413760915,29.027912954950406,21.39056672605416,11.50947779022101,21.881519959538686,72.36049210340546,224.7552158211775,321.7461899290297,7.637346228896245,25.209239840502285,1.703492938045331,2015,3,81,otoño,0,-0.004190438618817627,0.7301004623738014,12.604619920251142,-76.72286165153699,-167.18777884422846,-305.7781055041288,-531.5219793938911,-812.669602893573
2015-04-07,1428364800000,0.7280570374141003,0.5536961992025112,27.12347925680835,20.95601340459831,6.965744163098605,20.82178519038518,42.70330514992384,209.86410830368203,256.63424694856684,6.167465852210039,24.03974633070333,1.3149010658943536,2015,4,97,otoño,0,5.179434970770114e-05,0.7280311402392465,12.019873165351665,-77.17336799436305,-159.4763122898898,-317.8928898106261,-511.3282816174179,-825.1543379330831
2015-04-23,1429747200000,0.7444231780775425,0.47642673284126585,23.995692712310202,16.14290913718506,8.63756017931911,23.494777952511214,44.316563142896385,94.92472721070564,261.807001797249,7.852783575125141,20.06930092474763,1.5625101705100914,2015,4,113,otoño,0,0.01636614066344222,0.7362401077458214,10.034650462373815,-61.60499305729759,-127.02497898309602,-256.7229507283181,-507.15430053172327,-641.3115398163943
2015-06-10,1433894400000,0.7369003902604563,0.46023917875625675,23.10660473402905,18.781602613048292,0.0,5.72628903528545,48.088352585866396,88.87886386788648,124.07813178670709,4.325002120980759,20.94410367353867,1.6011213802581084,2015,6,161,invierno,0,-0.007522787817086263,0.7406617841689994,10.472051836769335,-73.30436285738534,-151.35448851625458,-266.07320251721364,-539.4442463382736,-818.4065335225331
2015-06-26,1435276800000,0.6992195724102821,0.42895845422923545,23.364125274495482,18.19110630355478,7.647427558130288,18.401294280445644,30.908986363184802,93.43478818148904,123.89531029709889,5.173018970940703,20.77761578902513,1.6300365116480682,2015,6,177,invierno,0,-0.037680817850174186,0.7180599813353692,10.388807894512565,-65.07422770345767,-137.43082413724284,-280.7552504721922,-529.893685489265,-811.097400209032
2015-07-12,1436659200000,0.6799787053533554,0.4423889793840672,24.233752246062814,19.49168999745485,16.059035564395337,55.9719318429194,74.37322612336503,129.1765707344097,166.0185058047533,4.742062248607965,21.86272112175883,1.5370572052741325,2015,7,193,invierno,0,-0.019240867056926736,0.6895991388818188,10.931360560879416,-60.460488361760575,-107.99847657027182,-253.5675907030174,-526.7050629183552,-817.8039446743941
2015-07-28,1438041600000,0.6806541359124457,0.4339200050903536,27.193704080766963,21.05789853228136,0.0,33.63314623467398,89.60507807759338,120.51406444077821,183.0398662590825,6.135805548485603,24.12580130652416,1.5686130146447184,2015,7,209,invierno,0,0.000675430559090362,0.6803164206329005,12.06290065326208,-84.44030457283456,-147.31036356425722,-272.281941520269,-603.2599747549466,-902.6211925345048
2015-08-29,1440806400000,0.6641974039195725,0.4249113430050054,30.989558836005784,20.062529057436183,12.888210529163304,24.527147236616333,24.527147236616333,114.13222531420969,145.0412116773945,10.927029778569601,25.526043946720982,1.5631398213154482,2015,8,241,invierno,0,-0.01645673199287323,0.6724257699160091,12.763021973360491,-76.45294328436013,-166.91818236379103,-358.36351196419844,-651.6490930874198,-1003.6307659250498
2015-09-14,1442188800000,0.6735356070246881,0.4389101637397132,31.92601085942141,22.875555272758124,0.0,0.0,18.25713238142076,26.26732695661974,132.53351959465536,9.050455586663286,27.400783066089765,1.5345602086897792,2015,9,257,primavera,0,0.009338203105115572,0.6688665054721303,13.700391533044883,-95.90274073131418,-205.50587299567323,-392.7546136099257,-795.7561650260732,-1100.501718379384
2015-10-16,1444953600000,0.7125777806057519,0.47391118181046904,28.937633833884796,23.394671247985062,4.64042870106563,23.658119541376795,34.474853422761704,52.73198580418248,59.002000659378034,5.542962585899733,26.16615254093493,1.503607225042238,2015,10,289,primavera,0,0.03904217358106388,0.6930566938152201,13.083076270467465,-86.94110519220662,-172.58802451563517,-358.0174346912622,-732.2525904238654,-1118.474863682694
2015-11-17,1447718400000,0.723248835604623,0.6055909090909091,30.12730499075788,22.979875797826526,16.73327869305389,24.288633432021445,36.456891240344824,73.62141311730066,86.51213190903925,7.147429192931355,26.553590394292204,1.1942841784170068,2015,11,321,primavera,0,0.01067105499887111,0.7179133081051875,13.276795197146102,-76.20428768696883,-174.8632945251701,-361.84696467403825,-722.9862987114655,-1108.39943583411
2015-12-03,1449100800000,0.7108197472219865,0.5664129442700823,27.706382182931016,22.93225464415984,18.118551529033233,46.48924891818661,70.71653082773415,97.77735392901113,119.97124415940938,4.774127538771175,25.319318413545428,1.2549474715669207,2015,12,337,verano,0,-0.012429088382636566,0.7170342914133048,12.659659206772714,-70.49906291837576,-143.4056391834041,-309.0732453754473,-661.8021984773517,-1019.3980844501349
2016-01-01,1451606400000,0.7739443591512849,0.5577216491288597,25.119234060761677,22.054153872692805,14.666938212116529,48.99556542758964,87.1767807617997,158.0864332250753,189.79249410384978,3.0650801880688725,23.58669396672724,1.387686801603189,2016,1,1,verano,0,0.06312461192929841,0.7423820531866356,11.79334698336362,-67.8864906714288,-127.90463932286465,-266.6236287391089,-549.5143857767418,-871.6087343988759
2016-01-17,1452988800000,0.7507722270139727,0.48592368466448166,34.00533896843197,24.857219251336918,50.40907586659359,111.48752446110464,184.8744376076693,269.67667197313347,306.1335632134783,9.148119717095053,29.431279109884443,1.5450382553262578,2016,1,17,verano,0,-0.023172132137312174,0.7623582930826288,14.715639554942221,-52.60040101800197,-109.24706886302869,-256.5947490405973,-613.2617013233998,-1018.2739967313216
2016-02-02,1454371200000,0.7760162636803258,0.5666581742597776,27.851801801801848,21.71775260880633,54.71984732556586,63.883719201871536,156.66236582394617,292.414054647337,355.588432058281,6.134049192995519,24.78477720530409,1.369458572154999,2016,2,33,verano,0,0.02524403666635311,0.7633942453471493,12.392388602652044,-32.02687289299845,-122.00210983790913,-215.10929225561517,-451.12926151178567,-759.726542180403
2016-03-05,1457136000000,0.7317813438533979,0.561612225332994,26.37303554763722,,22.338653454234837,38.40124789963768,50.842240022816014,203.77194885540277,338.6263012570401,,,1.3029987736124038,2016,3,65,otoño,0,-0.044234919826927954,0.7538988037668619,0.0,22.338653454234837,38.40124789963768,50.842240022816014,203.77194885540277,338.6263012570401
2016-04-06,1459900800000,0.7345757868838549,0.46926454568592507,27.2936362093832,23.040611690845868,0.0,11.420064157835649,29.85101938996089,74.33440134434677,208.71936725147134,4.253024518537334,25.167123950114537,1.5653733661825229,2016,4,97,otoño,0,0.002794443030457061,0.7331785653686265,12.583561975057268,-88.08493382540088,-177.33336546802337,-347.65583986175716,-680.6793171590892,-923.8012105036828
2016-04-22,1461283200000,0.7282571816407907,0.5071642232968523,29.014382794604252,,7.74815965501813,22.726018821089742,34.14608297892539,81.68464607045357,163.2299905018597,,,1.435936748396744,2016,4,113,otoño,0,-0.006318605243064268,0.7314164842623228,0.0,7.74815965501813,22.726018821089742,34.14608297892539,81.68464607045357,163.2299905018597
2016-05-08,1462665600000,0.17527856961058796,0.14696043946720966,24.29000000000002,19.11647492232581,17.563921729450538,38.610052448582415,61.33607126967219,91.18709065963303,135.67047261401896,5.17352507767421,21.703237461162914,1.1926840826140417,2016,5,129,otoño,0,-0.5529786120302027,0.4517678756256893,10.851618730581457,-58.39740938461965,-124.16422851013942,-264.2124906477715,-559.9100331752544,-840.9752131383121
2016-05-24,1464048000000,0.6858331212352592,0.4321896071943665,24.285768219224583,16.002895562908307,0.0,15.594843756184673,48.07677063756268,88.35097918369249,135.8895422752207,8.282872656316275,20.144331891066443,1.586876507306471,2016,5,145,otoño,0,0.5105545516246712,0.4305558454229236,10.072165945533222,-70.50516161873256,-135.48764542681366,-254.08820772843399,-515.9789775483008,-770.6053928227692
2016-06-09,1465430400000,0.6800693391024009,0.38790820395350795,23.14755153983205,16.914652583354563,6.4638149116728405,14.978057309124239,30.572901065308915,91.90897233498106,121.75999172494194,6.232898956477488,20.03110206159331,1.753166287809735,2016,6,161,invierno,0,-0.0057637821328583305,0.6829512301688301,10.015551030796654,-63.645042303903736,-135.2552081528256,-269.8936298585907,-509.02408951281825,-779.6396010467569
2016-06-25,1466812800000,0.6718759226266223,0.40369748875880196,22.8177644862985,19.106379061678147,4.3098844849973315,12.673180344977167,27.651237654101408,75.7280082916641,104.58215267995827,3.711385424620353,20.962071773988324,1.6643013073750905,2016,6,177,invierno,0,-0.008193416475778537,0.6759726308645115,10.481035886994162,-69.0573667239618,-144.54235795993526,-286.77983895572345,-553.1341449279856,-838.7110771495163
2016-07-11,1468195200000,0.6397871468567066,0.4216079324679732,26.678478832612242,22.301760414015472,7.574445433498103,13.174582028293912,35.47698602852773,66.04988709383663,112.40809919743717,4.37671841859677,24.49011962331386,1.517489544425881,2016,7,193,invierno,0,-0.032088775769915756,0.6558315347416644,12.24505981165693,-78.14097324810041,-170.50131514656005,-331.8748083211802,-668.6537016055792,-989.6472838516866
2016-07-27,1469577600000,0.6224767540510732,0.36652016628489004,27.7729252566387,18.897228302367047,6.110774972860145,11.801099073637062,24.97568110193097,62.25614241128905,95.41490789692422,8.875696954271653,23.335076779502874,1.6983378077740636,2016,7,209,invierno,0,-0.0173103928056334,0.6311319504538899,11.667538389751437,-75.56199375539991,-163.2119767726345,-325.0504705906122,-637.7961609737972,-954.6635471807051
2016-08-12,1470960000000,0.5839127343683718,0.36022781029948236,30.839914312378074,22.198814795961688,2.9647639840474658,2.9647639840474658,14.76586305768453,41.879553226232424,80.81575015152116,8.641099516416386,26.519364554169883,1.6209495678119858,2016,8,225,invierno,0,-0.0385640196827014,0.6031947442097225,13.259682277084941,-89.85301195554712,-195.93047017222665,-383.0246052548637,-753.701383398864,-1112.5556547861236
2016-08-28,1472342400000,0.5424284126580128,0.3381146602188852,26.43946975481466,16.481458386357886,4.484417097839757,10.296663344498045,13.26142732854551,32.6369718356807,67.00332734238317,9.958011368456773,21.460464070586273,1.6042688241853753,2016,8,241,invierno,0,-0.041484321710358985,0.5631705735131922,10.730232035293136,-70.6272071492122,-150.65681718489898,-308.6455337302486,-611.1769502819075,-898.7175558339991
2016-09-13,1473724800000,0.5831033256978025,0.38318711292101465,30.38898362602873,24.69823279884624,0.0,25.685447097866344,49.677628572168985,64.4434916298535,91.55718179840143,5.690750827182487,27.543608212437483,1.5217155909478743,2016,9,257,primavera,0,0.04067491303978976,0.5627658691779076,13.771804106218742,-96.4026287435312,-180.89161449541479,-363.47649461439323,-761.864754743271,-1147.9051877612853
2016-09-29,1475107200000,0.6582357427674554,0.4646903452956648,30.641297191821508,21.813600576906765,0.9225196797317587,10.622755856897077,26.036565257947306,63.26514841311353,82.64069292024867,8.827696614914743,26.227448884364136,1.4165009730246774,2016,9,273,primavera,0,0.0751324170696529,0.6206695342326289,13.113724442182068,-90.8735514155427,-186.08311077583394,-367.37516800751473,-723.5583181178106,-1097.5945068761373
2016-10-15,1476489600000,0.628644133367269,0.443007703402053,34.87325782641895,23.923265461949654,7.616018599202494,22.538160285685134,33.16091614258222,82.83854471475121,91.91408367165877,10.949992364469296,29.398261644184302,1.4190333700887643,2016,10,289,primavera,0,-0.029591609400186458,0.6434399380673622,14.699130822092151,-95.27789715544257,-197.94880204569714,-407.81300852018234,-799.1093046107778,-1231.0076903166348
2016-10-31,1477872000000,0.6684205968604451,0.5277253579437641,32.18602035535627,22.80859237536655,20.16445517692151,24.584944135673464,47.05675555328387,73.04382481999863,110.20179926789754,9.377427979989719,27.49730636536141,1.2666045324415531,2016,10,305,primavera,0,0.039776463493176095,0.648532365113857,13.748653182680705,-76.07611710184344,-181.64485360453713,-365.4028399271373,-751.8753661408437,-1127.176987173366
2016-11-16,1479254400000,0.6592990253579436,0.5286711488701055,32.16413317233054,,33.55227933136456,91.88540908528215,116.47035322095562,149.52441472702444,199.12660256601384,,,1.247084845999582,2016,11,321,primavera,0,-0.00912157150250148,0.6638598111091943,0.0,33.55227933136456,91.88540908528215,116.47035322095562,149.52441472702444,199.12660256601384
2016-12-02,1480636800000,0.7260407583340402,0.49862984986003916,31.95861650691326,21.938290779540253,18.652668342182626,25.610241433340263,133.7312240891404,180.78286568118833,206.76258918743352,10.020325727373006,26.948453643226756,1.4560686699144927,2016,12,337,verano,0,0.06674173297609665,0.6926698918459919,13.474226821613378,-75.66691940911103,-176.5031608908604,-270.49558055926093,-627.6707436156144,-1005.9178247577705
2016-12-18,1482019200000,0.6950762914581391,0.49195802018831114,28.0175544999576,22.395143778098248,17.38810563898439,63.66481055282275,102.11923010819072,230.39601541493758,267.7819543120839,5.622410721859353,25.206349139027925,1.4128743715118368,2016,12,353,verano,0,-0.030964466875901153,0.7105585248960897,12.603174569513962,-70.83411634761335,-125.38280798988669,-275.97600697722817,-525.7944587559002,-866.5037569441729
2017-01-01,1483228800000,0.7316365447645334,0.46513108504398826,26.55457587729491,,0.0,0.0,76.78289107452164,210.62451360142188,257.6812691547058,,,1.5729651174146404,2017,1,1,verano,0,0.03656025330639434,0.7133564181113363,0.0,0.0,0.0,76.78289107452164,210.62451360142188,257.6812691547058
2017-01-17,1484611200000,0.7168148093841641,0.5288116957046748,37.404621355873736,23.838721752630704,12.612547951935696,33.582438247829394,33.582438247829394,136.16078376646632,264.37140702617285,13.565899603243032,30.62167155425222,1.3555173981384185,2017,1,17,verano,1,-0.01482173538036935,0.7242256770743487,15.31083577712611,-94.56330248794707,-196.08009840906226,-425.74263506595395,-782.4893628611003,-1113.603812915177
2017-02-02,1485993600000,0.6939766692118435,0.5868854755238821,29.677995249003178,21.40737507423435,1.7763442726568925,79.8638356341411,115.60044468552584,184.3216534236809,304.90801772967006,8.27062017476883,25.542685161618763,1.182471735427823,2017,2,33,verano,0,-0.022838140172320553,0.7053957392980038,12.771342580809382,-87.62305379300878,-111.70630307799964,-267.53983273875565,-581.958901424882,-844.5128145431743
2017-02-18,1487376000000,0.6964372783575122,0.5074725036056672,31.520990073810164,,97.16504990940248,107.50753632863685,185.50949589577272,230.60811611875727,333.04956523173325,,,1.3723618541839762,2017,2,49,verano,0,0.002460609145668702,0.6952069737846779,0.0,97.16504990940248,107.50753632863685,185.50949589577272,230.60811611875727,333.04956523173325
2017-03-06,1488758400000,0.7377776194112157,0.5711741325188767,28.200469160940038,21.06503520828033,39.184489628371956,64.74638229657586,172.25391862521275,290.55111376175466,350.42103990793333,7.135433952659707,24.632752184610183,1.2916837190681316,2017,3,65,otoño,0,0.04134034105370343,0.717107448884364,12.316376092305092,-47.030143017763685,-119.99925908800051,-197.23736414394,-448.43145177655083,-758.0528083995248
2017-03-22,1490140800000,0.5328378637481971,0.381610435225248,23.130000000000052,,21.31982213922702,32.61731547650726,124.5031707006889,293.4252192509672,356.5212086370056,,,1.3962837969823598,2017,3,81,otoño,0,-0.20493975566301859,0.6353077415797064,0.0,21.31982213922702,32.61731547650726,124.5031707006889,293.4252192509672,356.5212086370056
2017-04-07,1491523200000,0.7484432255875115,0.4997261898701961,27.206613217952007,16.926143208619685,33.34006980026386,113.65415545768828,154.38974487984805,355.2098074756101,463.0278507691461,10.280470009332323,22.066378213285844,1.497703628617685,2017,4,97,otoño,0,0.21560536183931445,0.6406405446678543,11.033189106642922,-43.89225394623659,-51.84368114195557,-176.60592831943964,-306.7815389229653,-529.9591688287169
2017-04-23,1492905600000,0.7596648002036136,0.4981501145329598,23.58367438703659,12.170414015440773,9.05220409243467,30.800164493843322,144.45431995153163,272.0968896274683,433.8429219826714,11.413260371595818,17.877044201238682,1.524968584915915,2017,4,113,otoño,0,0.01122157461610207,0.7540540128955626,8.938522100619341,-53.51745061190072,-103.2776670154468,-123.70134306704861,-264.2144364096922,-370.6240670730693
2017-05-25,1495670400000,0.7235121744294558,0.4305535420378381,19.930992618987037,21.910000000000025,87.86838164721533,87.86838164721533,148.46427567187,284.800321677749,417.3246366408292,-1.9790073810129876,20.92049630949353,1.6804193285362485,2017,5,145,otoño,0,-0.03615262577415779,0.7415884873165347,10.460248154746765,14.646644563987977,-69.03534067398616,-165.34316897053296,-342.8145676070569,-524.0976972863796
2017-06-10,1497052800000,0.7283731908034274,0.4613697293628573,21.622133706625966,20.390103503860207,23.051671380010415,31.23085976172881,119.28808723621071,188.93618535330006,365.07389063455673,1.2320302027657597,21.00611860524309,1.5787156497970616,2017,6,161,invierno,0,0.004861016373971627,0.7259426826164417,10.503059302621544,-50.469743738340384,-126.31502977759435,-195.8036918424356,-441.24737280399256,-580.2014466013823
2017-06-26,1498435200000,0.693646916094002,0.4167723848307456,21.830972257571943,8.600000000000016,0.0,0.0,31.23085976172881,164.54504298532726,277.9492041276209,13.230972257571928,15.21548612878598,1.6643263253859086,2017,6,177,invierno,0,-0.034726274709425464,0.7110100534487147,7.60774306439299,-53.25420145075093,-114.11614596589484,-197.00143217006087,-291.9195408782521,-406.74767166774825
2017-07-12,1499817600000,0.6785906931365062,0.42237336048188684,21.480569271231033,19.365975226944972,5.316336896670948,10.392766148441059,10.392766148441059,129.68085338465175,199.32895150174105,2.1145940442860613,20.423272249088,1.6066095782004908,2017,7,193,invierno,0,-0.015056222957495757,0.6861188046152541,10.211636124544,-66.16511597513706,-142.78177571971895,-295.95631758787897,-483.0173140879883,-719.718299707219
2017-07-28,1501200000000,0.6029705947229996,0.4080977941800286,25.398921693391035,17.444266564859614,0.0,0.0,10.392766148441059,33.44443752845147,173.21026170434791,7.954655128531421,21.421594129125324,1.4775113362795318,2017,7,209,invierno,0,-0.07562009841350659,0.640780643929753,10.710797064562662,-74.97557945193864,-160.66195596843994,-310.9311457884388,-609.2033863453083,-790.7614741062918
2017-08-13,1502582400000,0.6097989734453212,0.37289968609485025,26.87460677017055,19.735042843810994,8.955201077948718,16.243054355405466,16.243054355405466,26.635820503846535,145.92390774005722,7.139563926359557,23.304824806990773,1.6352852010849184,2017,8,225,invierno,0,0.00682837872232156,0.6063847840841604,11.652412403495386,-72.61168574651899,-158.54313169702533,-333.3293177494561,-672.5089237058767,-902.7932085745275
2017-08-29,1503964800000,0.6155647153643844,0.415344133367269,31.08154831594129,22.38173665903115,0.0,6.318318531209196,26.613207740861366,37.00597388930241,60.05764526931283,8.69981165691014,26.73164248748622,1.482055923886488,2017,8,241,invierno,0,0.005765741919063205,0.6126818444048527,13.36582124374311,-93.56074870620176,-194.16900012493744,-374.3614295714319,-764.9433007352842,-1142.866266667567
2017-09-14,1505347200000,0.6117067956222955,0.41572352591838463,30.947839993212874,21.45188512768305,0.0,0.0,6.318318531209196,26.613207740861366,37.00597388930241,9.495954865529825,26.19986256044796,1.4714234005582492,2017,9,257,primavera,0,-0.0038579197420889333,0.6136357554933399,13.09993128022398,-91.69951896156786,-196.4989692033597,-386.67961987551024,-759.3826690725774,-1141.9878413308559
2017-09-30,1506729600000,0.6755159412912529,0.44634334436243334,29.953634512598644,20.89312547722069,29.53657103228065,29.53657103228065,29.53657103228065,48.86192549568525,61.46611566981295,9.060509035377954,25.423379994909666,1.5134412473763337,2017,9,273,primavera,0,0.06380914566895746,0.6436113684567741,12.711689997454833,-59.44525894990318,-161.13877892954184,-351.8141288913643,-713.8394743516047,-1082.585984101122
2017-10-16,1508112000000,0.6948663866972087,0.5776625095444132,29.42187240179861,18.341166539407833,8.766469191906156,17.23918296342751,46.77575399570815,48.88186017277786,73.3889617365695,11.080705862390776,23.881519470603223,1.20289125973221,2017,10,289,primavera,0,0.019350445405955763,0.6851911639942307,11.940759735301611,-74.81884895520513,-161.87221306609666,-311.4470380633402,-667.5637239453188,-1001.2794144405756
2017-11-01,1509494400000,0.6932228135242366,0.6371438675176816,26.850000000000023,21.818083491461117,19.215995517129915,53.32480299684617,70.50955194824004,99.99331265991263,119.33714008734357,5.031916508538906,24.33404174573057,1.0880144357515347,2017,11,305,primavera,0,-0.0016435731729720349,0.6940446001107227,12.167020872865285,-65.95315059292709,-129.1805100961331,-294.5010742377185,-630.0279397120045,-975.6947384705321
2017-11-17,1510876800000,0.734883845092289,0.621857788511299,31.53939796446437,20.516215283767508,12.323818459312568,36.89928957032852,90.22409256717472,136.89260223024112,136.89260223024112,11.023182680696863,26.02780662411594,1.181753572787106,2017,11,321,primavera,0,0.04166103156805234,0.7140533293082628,13.01390331205797,-78.77350472509322,-158.309260110541,-300.1930067945643,-643.9415964932371,-1034.358695854976
2017-12-03,1512259200000,0.7343242599032996,0.538362303842565,26.97764611078128,,31.63207252032279,39.41210156739319,82.90204623378719,150.88173912224534,183.00919498342813,,,1.3639938953157922,2017,12,337,verano,0,-0.0005595851889893533,0.7346040524977944,0.0,31.63207252032279,39.41210156739319,82.90204623378719,150.88173912224534,183.00919498342813
2017-12-19,1513641600000,0.7519883026550171,0.5886009415556874,28.735415217575742,,11.846531020683916,56.56456850596145,95.97667007335457,186.79607945121936,239.57376348938953,,,1.2775837957100449,2017,12,353,verano,0,0.017664042751717512,0.7431562812791583,0.0,11.846531020683916,56.56456850596145,95.97667007335457,186.79607945121936,239.57376348938953
2018-01-01,1514764800000,0.7292615490771085,0.6210829480765915,26.002556494738684,20.310251854407475,13.024373342070838,61.77919533599423,106.61556292962099,189.55786921851734,257.4918768223717,5.6923046403312085,23.15640417457308,1.1741754900211598,2018,1,1,verano,0,-0.022726753577908654,0.7406249258660629,11.57820208728654,-68.02304126893495,-111.89383597330387,-240.73049968897521,-505.13425601867505,-784.5463110334169
2018-01-17,1516147200000,0.727346963946869,0.4811179230636536,26.667807486631023,,40.75368057556639,96.95205555226198,158.7312508882562,243.05100769685714,339.8347277676255,,,1.5117820752409665,2018,1,17,verano,0,-0.0019145851302394545,0.7283042565119888,0.0,40.75368057556639,96.95205555226198,158.7312508882562,243.05100769685714,339.8347277676255
2018-02-02,1517529600000,0.7299225672350894,0.5562569865105623,30.877043352846364,22.127741579706495,45.73498558985971,53.89846843557421,120.60262288326743,257.7320709863043,340.61559606948606,8.74930177313987,26.50239246627643,1.3122015053014064,2018,2,33,verano,0,0.002575603288220374,0.7286347655909793,13.251196233138215,-47.02338804210779,-144.869475061499,-276.933264110879,-537.3397030019886,-851.9920649129532
2018-02-18,1518912000000,0.7320502078561127,0.5204341138542463,23.061285314329368,20.64997285144655,11.37127788536945,12.434424007020848,66.33289244259505,213.34754916469058,305.2876646558958,2.411312462882819,21.85562908288796,1.4066118683550848,2018,2,49,verano,0,0.00212764062102333,0.7309863875456011,10.92781454144398,-65.1234239047384,-151.48279411463884,-261.50154380072433,-442.32132332194817,-678.2156440740623
2018-03-06,1520294400000,0.48444679731908036,0.35606944090947656,27.310000000000002,21.516688724866402,19.393248011458663,27.95278361470804,40.3872076217289,149.76100679197677,278.0542689763256,5.7933112751336004,24.4133443624332,1.3605364042061576,2018,3,65,otoño,0,-0.2476034105370324,0.6082485025875966,12.2066721812166,-66.05345725705753,-155.14729910354097,-325.8129578147691,-582.6393240810193,-820.5462273331684
2018-03-22,1521676800000,0.7354051242894714,0.5144587426826163,27.25894035802157,18.071576312887117,10.310070721239617,11.980479857429463,39.41476195734087,107.32777736965622,254.3424340917517,9.187364045134451,22.665258335454343,1.4294706918266336,2018,3,81,otoño,0,0.250958326970391,0.6099259608042759,11.332629167727172,-69.01833345285058,-158.00895765847812,-300.5641130744743,-572.6299726939741,-765.5941910036938
2018-04-07,1523059200000,0.7262291168236188,0.5520311105455162,26.8883592092984,22.063328242979562,1.2318956018495448,16.51830063427921,28.49878049170869,69.94760956836129,166.99094125922014,4.825030966318838,24.475843726138983,1.3155559304439042,2018,4,97,otoño,0,-0.009176007465852565,0.730817120556545,12.237921863069491,-84.4335574396369,-167.05052731176318,-338.63887540037604,-664.3277022158082,-934.4220264170342
2018-04-23,1524441600000,0.7560339356918637,0.4860485110715194,26.91208534826504,21.761305675744495,0.0,23.374959193225052,39.893259827504274,72.32860915131612,147.2210371971605,5.150779672520546,24.336695512004766,1.55546691946084,2018,4,113,otoño,0,0.02980481886824493,0.7411315262577413,12.168347756002383,-85.17843429201668,-159.1502571468107,-325.1571728525672,-657.7722562088269,-947.9302608430539
2018-05-09,1525824000000,0.7657114872316957,0.4834914566895733,24.140861118181075,20.021538135233754,18.468976828274638,33.95017262006559,57.325131813290646,85.82391230499933,126.74988520978776,4.11932298294732,22.081199626707416,1.583709273303764,2018,5,129,otoño,0,0.009677551539831963,0.7608727114617797,11.040599813353708,-58.81522186520132,-131.65882458024004,-273.8928625873206,-576.6120764962232,-866.904097992046
2018-05-25,1527206400000,0.7186693136506319,0.4804842962585899,25.33319334860441,17.020445405955734,25.714118276103985,40.165261279589004,74.0775877886109,98.72228869472923,146.44404305097072,8.312747942648677,21.176819377280072,1.495715517720765,2018,5,145,otoño,0,-0.04704217358106377,0.7421904004411638,10.588409688640036,-48.40474954437626,-118.66088405001153,-243.57470287059016,-536.5822926236729,-806.5128289266324
2018-06-10,1528588800000,0.6744293289216934,0.44711656910155245,25.845209977093425,18.470000000000027,22.621380856860988,22.621380856860988,62.75631633743009,120.11177394974061,148.61055444144935,7.375209977093398,22.157604988546726,1.5083937101306621,2018,6,161,invierno,0,-0.04423998472893853,0.6965493212861626,11.078802494273363,-54.930236603052556,-143.56065655723947,-269.60775849077083,-544.6163757066612,-848.4816700431533
2018-06-26,1529971200000,0.6787554678883513,0.40370220581997096,24.03721133452111,17.49044116399424,0.0,0.0,22.621380856860988,96.66112253442817,121.34366955159017,6.5467701705268695,20.763826249257676,1.681322957318893,2018,6,177,invierno,0,0.0043261389666579,0.6765923984050224,10.381913124628838,-72.67339187240187,-155.72869686943255,-288.8360128820041,-526.253664943302,-813.0285116650052
2018-07-12,1531353600000,0.6717929159243232,0.40131521167387796,25.730339356918655,18.157796725205742,0.0,0.06941906639442821,0.06941906639442821,48.4049181993594,120.18119301613503,7.572542631712913,21.9440680410622,1.6739740294126046,2018,7,193,invierno,0,-0.006962551964028063,0.6752741919063372,10.9720340205311,-76.8042381437177,-164.51109124157205,-329.09160154953855,-609.9171230325065,-867.3018688316639
2018-07-28,1532736000000,0.625138703656571,0.3765953083905997,26.881365063205248,13.012519725120923,17.794485675071932,31.434212428655503,31.50363149504993,54.12501235191092,112.75925045977453,13.868845338084325,19.946942394163084,1.6599703441813538,2018,7,209,invierno,0,-0.04665421226775224,0.6484658097904471,9.973471197081542,-52.01981270449887,-118.16785552756762,-267.7005044173963,-544.2832594729816,-784.8531572775643
2018-08-13,1534118400000,0.6276054042589292,0.3962916857554933,25.380190888266746,18.839296682786134,9.764459315719337,56.0074119630171,87.44162439167259,87.51104345806701,135.846542591032,6.540894205480612,22.10974378552644,1.5836916168726678,2018,8,225,invierno,0,0.002466700602358207,0.6263720539577501,11.05487189276322,-67.61964393362321,-109.8156664284312,-244.204532391224,-575.7812701077262,-859.0919277576579
2018-08-29,1535500800000,0.6287165860693983,0.4015340035632473,29.61120980741498,18.751745991346407,2.5317132752330247,17.059650052514122,73.0670620155312,104.57069351058118,127.19207436744213,10.859463816068573,24.181477899380695,1.565782759884262,2018,8,241,invierno,0,0.0011111818104690974,0.6281609951641638,12.090738949690348,-82.1034593725994,-164.3014341928411,-289.6551064751792,-620.8736434708396,-960.9744311046892
2018-09-30,1538265600000,0.6763366420632899,0.5167392975311784,29.420094171544953,22.048510223127195,14.511577626286828,35.75795376858072,46.94939929649928,120.0164613120305,151.52009280708043,7.371583948417758,25.734302197336074,1.3088521357722869,2018,9,273,primavera,0,0.04762005599389163,0.6525266140663442,12.867151098668037,-75.55848006438944,-157.2493127114398,-339.0651336635418,-652.0126046080517,-1006.5235060730428
2018-10-16,1539648000000,0.77691662000509,0.5701923220497156,28.01708916603038,,26.11727432921672,53.819579822563796,89.57753359114454,106.70423932640277,202.4955623628681,,,1.3625494897278891,2018,10,289,primavera,0,0.10057997794180007,0.72662663103419,0.0,26.11727432921672,53.819579822563796,89.57753359114454,106.70423932640277,202.4955623628681
2018-11-01,1541030400000,0.675012963601863,0.5704702432292565,29.01369846472317,22.279366913921013,49.36692214361734,121.38947589524514,168.28224199583596,210.86321479138658,295.07945314948824,6.734331550802157,25.646532689322093,1.1832550222528817,2018,11,305,primavera,0,-0.10190365640322696,0.7259647918034765,12.823266344661047,-40.395942269009986,-70.95951927467055,-216.41574834399543,-558.5327658882762,-859.0145178700059
2018-12-03,1543795200000,0.7681138603783191,0.5888750614980068,27.033460853337903,15.350000000000023,39.46779771332057,130.7887851537684,187.4892529651342,346.57783227736775,409.895110170687,11.68346085333788,21.19173042666896,1.3043727035267145,2018,12,337,verano,0,0.09310089677645605,0.7215634119900911,10.59586521333448,-34.703258780020796,-28.149193046248797,-130.3867034349002,-289.17408052270105,-543.7327590294162
2018-12-19,1545177600000,0.753306141318178,0.5913670794808721,29.70385528882857,21.189272202901037,10.366790567506955,35.224462840016926,149.59272429504026,324.97188116869296,429.17815948211154,8.514583085927534,25.446563745864804,1.273836325388854,2018,12,353,verano,0,-0.014807719060141111,0.7607100008482486,12.723281872932402,-78.69618254301986,-155.6247652539691,-232.1057318929318,-438.42503120725115,-715.9172090818047
2019-01-17,1547683200000,0.732593833017078,0.5440383129204761,27.145489046058344,20.997459030533072,48.46817615424146,75.3061340429751,182.2553041898034,348.4056909757583,538.1583302251753,6.148030015525272,24.071474038295708,1.346582527436144,2019,1,17,verano,0,-0.020712308301099935,0.742949987167628,12.035737019147854,-35.78198297979351,-105.2299212442427,-178.8168063846322,-373.7385301731129,-545.0580014981316
2019-02-02,1549065600000,0.7671433104267411,0.4881068550097567,29.488713837278393,23.685724102825176,36.90624706314509,37.00867658856058,112.20741256405763,254.19726572806024,441.43050937417394,5.802989734453217,26.587218970051786,1.571667619262974,2019,2,33,verano,0,0.034549477409663076,0.7498685717219096,13.293609485025893,-56.14901933203616,-162.39546568682783,-286.6008719867192,-543.4193033734934,-754.9943442781564
2019-02-18,1550448000000,0.7211467209637737,0.5835059557139219,28.850581997115476,24.510179859166886,31.99810737203052,36.36230266578648,77.88928469477227,259.7436900710299,376.59747052516565,4.34040213794859,26.680380928141183,1.235883675253621,2019,2,49,verano,0,-0.04599658946296736,0.7441450156952574,13.340190464070592,-61.38322587646363,-163.7405542952724,-322.31642922734545,-540.6677377732055,-824.0196712411876
2019-03-06,1551830400000,0.6768606685331294,0.5395023839823533,22.052180368202286,19.929964367523574,17.624223137828256,42.734258687464816,79.09656135325132,187.19253869703763,337.81213252173677,2.122216000678712,20.99107236786293,1.2545994865442196,2019,3,65,otoño,0,-0.04428605243064432,0.6990036947484516,10.495536183931465,-55.844530149692005,-114.69878407150715,-235.7695241646926,-442.5396323388502,-606.7861240320951
2019-03-22,1553212800000,0.7469089166030372,0.6016842199032832,27.273800797488764,18.009658946296796,17.035759912512518,64.31673502667192,108.44716970385755,190.87032825623973,371.8384013647992,9.264141851191969,22.641729871892778,1.2413615822623956,2019,3,81,otoño,0,0.07004824806990773,0.7118847925680833,11.320864935946389,-62.210294639112206,-105.49623901252392,-231.17877837453412,-488.3815679005436,-647.0394428703758
2019-04-07,1554595200000,0.7481884618647657,0.4998483583609061,26.38870705013998,17.26471281920763,71.54552205274192,82.05699498042345,146.37373000709542,231.40034120767743,330.86657789076736,9.12399423093235,21.826709934673808,1.4968278929440006,2019,4,97,otoño,0,0.0012795452617285763,0.7475486892339014,10.913354967336904,-4.847962718616415,-81.6433295296301,-181.02691901301168,-423.40095683253674,-651.335369169554
2019-04-23,1555977600000,0.7698262577415798,0.5298804106218715,27.344476966149152,17.63888266734541,29.60286409603868,41.37107954587988,123.42807452630336,227.34137037255093,314.2984027825431,9.705594298803742,22.49167981674728,1.4528274483871924,2019,4,113,otoño,0,0.021637795876814025,0.7590073598031728,11.24583990837364,-49.1180152625768,-127.31651907972473,-213.94712272490585,-447.4090241298675,-697.8271889710844
2019-05-09,1557360000000,0.749141426995843,0.4473834563502163,21.909665733435137,14.945235561657968,18.73416342354614,55.17757859750297,102.69914254611456,219.42262526933538,334.0994837537921,6.964430171777169,18.427450647546554,1.674491405238739,2019,5,129,otoño,0,-0.020684830745736793,0.7594838423687114,9.213725323773277,-45.761913842866804,-83.02830125909618,-173.71261716708375,-333.4008941570612,-495.13579538580285
2019-06-10,1560124800000,0.7283291931789259,0.4441165606176294,25.926426571646765,21.26883770255368,0.0,0.0,69.08646173757116,171.78560428368584,288.50908700690644,4.657588869093086,23.59763213710022,1.6399468468800165,2019,6,161,invierno,0,-0.020812233816917103,0.7387353100873844,11.79881606855011,-82.59171247985077,-176.98224102825165,-284.87802031893216,-536.1433598293207,-773.3843591626035
2019-06-26,1561507200000,0.7256027996945786,0.4816570543819463,24.24864426911004,20.054372613896696,0.0,62.66479692379108,62.66479692379108,185.1594055042858,305.9959232602187,4.194271655213345,22.151508441503367,1.5064687345998133,2019,6,177,invierno,0,-0.0027263934843472226,0.7269659964367523,11.075754220751683,-77.53027954526178,-103.47151638748417,-269.6078296987594,-479.38584774081517,-690.8219566074329
2019-07-12,1562889600000,0.6780994315771612,0.49372926105030956,25.39055993891579,17.72099855773312,0.0,0.0,60.1637432305647,78.0554717074594,234.45040120747677,7.6695613811826675,21.555779248324455,1.3734208434675328,2019,7,193,invierno,0,-0.0475033681174174,0.70185111563587,10.777889624162228,-75.4452273691356,-161.6683443624334,-263.1729454943021,-568.6179057422742,-735.5596649671238
2019-07-28,1564272000000,0.6836499872741156,0.4250261729023501,23.421741749384946,17.131033341817275,50.76881256372133,50.76881256372133,50.76881256372133,113.4336094875124,221.940408254409,6.290708407567671,20.27638754560111,1.6084853648432123,2019,7,209,invierno,0,0.005550555696954396,0.6808747094256384,10.138193772800555,-20.19854384588256,-101.30409402828701,-253.37700062029535,-494.85801688052095,-690.497031297641
2019-08-13,1565654400000,0.6296420632900652,0.40613938237040814,26.885515398320216,18.734433698142045,0.0,0.0,50.76881256372133,108.66611722405753,128.71438695616902,8.151081700178171,22.809974548231132,1.5503064719031536,2019,8,225,invierno,0,-0.05400792398405041,0.6566460252820905,11.404987274115566,-79.83491091880896,-171.0748091117335,-291.38080565974565,-575.6331192228764,-897.734467714232
2019-08-29,1567036800000,0.611357631288708,0.38460683804191037,28.501594129125298,18.660425044540617,8.47970955187991,8.47970955187991,8.47970955187991,59.24852211560121,121.91331903939229,9.841169084584681,23.581009586832955,1.5895610302723184,2019,8,241,invierno,0,-0.01828443200135721,0.6204998472893866,11.790504793416478,-74.05382400203544,-168.37786234936723,-345.2354342506144,-648.1817654893874,-939.2321123680908
2019-09-14,1568419200000,0.6187191057945192,0.43673415627386086,28.887336048188722,23.671393060151026,41.94680540143173,41.94680540143173,50.42651495331163,101.19532751703295,154.67515035564384,5.215942988037696,26.279364554169874,1.4166917796893428,2019,9,257,primavera,0,0.00736147450581115,0.6150383685416136,13.139682277084937,-50.03097053816282,-155.1484287548423,-343.76395335923644,-687.1856091080632,-1027.8962545820004
2019-09-30,1569801600000,0.6632150165436496,0.4936832612199879,28.818957325867512,18.80622465428016,0.0,28.365126562308657,70.31193196374039,78.79164151562028,129.56045407934164,10.01273267158735,23.812590990073836,1.3433991492957844,2019,9,273,primavera,0,0.044495910749130396,0.6409670611690843,11.906295495036918,-83.34406846525843,-150.22930586324512,-286.87693288736716,-635.5860881865948,-942.006140473981
2019-10-16,1571184000000,0.6877439043013487,0.5305322982947313,31.969974548231153,20.449860863663382,3.3899150289145705,27.323250831331503,55.68837739364015,106.11489234695178,156.88370491067315,11.520113684567772,26.20991770594727,1.2963256152100768,2019,10,289,primavera,0,0.024528887757699125,0.6754794604224992,13.104958852973635,-88.34479694190087,-169.25113196327302,-337.4603881955689,-680.1826388314663,-1022.5625918569539
2019-11-01,1572566400000,0.6514356649991375,0.49324843022252884,33.72048645851304,22.277082973952087,11.9741999117983,11.9741999117983,27.334608572977498,109.5099542159057,117.99453568549033,11.44340348456095,27.998784716232564,1.3207023162809193,2019,11,305,primavera,0,-0.036308239302211165,0.6695897846502431,13.999392358116282,-86.02154659501568,-198.01668545994593,-392.64716217051097,-730.4535872710712,-1141.950776544975
2019-11-17,1573948800000,0.7377293945144042,0.5676143350008624,33.80194065896154,23.474379851647427,98.16664892947628,172.22846677217663,184.202666683975,239.85005626432013,290.2230024576671,10.327560807314114,28.638160255304484,1.2996995483099187,2019,11,321,primavera,0,0.0862937295152667,0.6945825297567709,14.319080127652242,-2.066911964089414,-42.557735142607015,-245.3697371455923,-619.2947513948145,-998.4942090310348
2019-12-19,1576713600000,0.7570591568411228,0.6212546780897447,22.96612261612265,21.99380863516841,40.03679851656884,67.51463986066008,171.64548650084382,355.96109522579053,411.52908098836065,0.9723139809542403,22.47996562564553,1.2185951509834898,2019,12,353,verano,0,0.01932976232671857,0.7473942756777635,11.239982812822765,-38.643081173190524,-101.08510233168138,-165.55399788383912,-318.43787354357534,-600.0693721656882
2020-01-01,1577836800000,0.7558998361221322,0.48705081076418827,29.230433820274488,,40.619394991836685,88.40698658615963,146.7142218640288,417.1347171651951,444.46932573817264,,,1.5519906084244286,2020,1,1,verano,0,-0.0011593207189906085,0.7564794964816275,0.0,40.619394991836685,88.40698658615963,146.7142218640288,417.1347171651951,444.46932573817264
2020-01-17,1579219200000,0.7447024581680179,0.5443716318785576,31.235652923926214,23.470241504226344,0.0,52.641517685223434,137.4912977225208,309.2198897057903,493.42255638976513,7.76541141969987,27.35294721407628,1.3680012817656697,2020,1,17,verano,0,-0.01119737795411424,0.7503011471450751,13.67647360703814,-95.73531524926699,-152.50558642034866,-272.8029104886234,-511.36852671649814,-737.4600682436676
2020-03-05,1583366400000,0.735931373547128,0.47508731653516584,31.379776872825985,23.371501654365,0.0,47.03814358479438,159.4011077503823,310.2127588147211,451.1554900765507,8.008275218460984,27.375639263595495,1.5490411949388672,2020,3,65,otoño,0,-0.008771084620889935,0.740316915857573,13.687819631797748,-95.81473742258423,-158.27915089217186,-251.23348120355016,-511.0564190931438,-780.7482767852466
2020-03-21,1584748800000,0.7614323322304232,0.49438061423602253,29.774795113260375,20.745153983201877,54.03766078614009,54.03766078614009,79.57729310646323,294.9514045740616,422.7964895453233,9.029641130058497,25.259974548231128,1.5401712165349823,2020,3,81,otoño,0,0.02550095868329516,0.7486818528887755,12.629987274115564,-34.37225013266886,-135.41214832559336,-299.3223251170037,-462.84783187287223,-713.9023651250775
2020-04-06,1586131200000,0.7430619326376512,0.5212886994146091,27.036600492067564,19.43044964791724,0.0,21.66125735255955,75.69891813869965,235.10002588908188,385.91167695342074,7.606150844150324,23.233525069992403,1.4254299163633675,2020,4,97,otoño,0,-0.01837039959277198,0.7522471324340372,11.616762534996202,-81.31733774497341,-152.59018067238347,-272.8039579111864,-461.9057262106902,-659.5969511962373
2020-04-22,1587513600000,0.7083231865614659,0.5001295070840757,30.48887503181476,21.787592262662276,0.0,11.517801502516145,33.179058855075695,96.06057992992463,315.22009138748655,8.701282769152485,26.13823364723852,1.4162767048369465,2020,4,113,otoño,0,-0.03473874607618532,0.7256925595995585,13.06911682361926,-91.48381776533482,-184.51895085177276,-358.8944458535021,-688.0864294872309,-861.0004227382469
2020-05-08,1588896000000,0.748391516077034,0.4742975735980319,24.884901162297478,15.4981852888776,100.41659163684346,149.8421923590948,149.8421923590948,237.05891200031064,389.62022346813905,9.386715873419877,20.191543225587537,1.5778911380646403,2020,5,129,otoño,0,0.04006832951556816,0.72835735131925,10.095771612793769,29.746190347287083,-1.594381832811706,-153.03095602471822,-368.6873847673154,-518.9992216833002
2020-05-24,1590278400000,0.7232006362942225,0.46737778060575197,24.441582251633186,14.527327564265745,7.826539614447464,7.826539614447464,157.66873197354224,177.53062738871984,253.72931190346682,9.91425468736744,19.484454907949466,1.5473544506169268,2020,5,145,otoño,0,-0.025190879782811537,0.7357960761856283,9.742227453974733,-60.36905256337567,-138.30687219517355,-134.59809164569978,-407.0030198497642,-623.0711589542591
2020-06-09,1591660800000,0.7424442266904218,0.5049234580470009,24.05445405955717,18.605289725969318,8.39037756751418,11.732008244833178,19.558547859280637,169.40074021837543,256.61745985959124,5.449164333587852,21.329871892763244,1.470406542717547,2020,6,161,invierno,0,0.019243590396199273,0.7328224314923222,10.664935946381622,-66.26417405715718,-148.24203095089115,-300.389530532168,-470.49541656452186,-703.2267753147547
2020-06-25,1593043200000,0.7205497157885805,0.4710741155510306,25.77492067532028,9.684690690690715,60.40875647002688,69.7879113514442,81.51991959274514,237.626476657345,250.7064530723359,16.090229984629566,17.729805683005498,1.5295856053566574,2020,6,177,invierno,0,-0.021894510901841246,0.7314969712395012,8.864902841502749,-1.6455634204923655,-63.18563127109704,-184.42716565233732,-294.26769383281993,-547.1348026629115
2020-07-11,1594425600000,0.7018593704929158,0.45700569271230995,26.398197166369734,18.521885976075378,21.15549999482052,21.15549999482052,101.51126509377364,121.06981295305425,270.91200531214923,7.876311190294356,22.460041571222554,1.5357748183673603,2020,7,193,invierno,0,-0.018690345295664712,0.7112045431407481,11.230020785611277,-57.454645504458426,-147.2948117893486,-235.38935847456463,-552.7314341836224,-739.7898653928657
2020-07-27,1595808000000,0.7030953847459064,0.4394921354034104,26.662809026894042,16.753588699414628,8.512052643660159,10.939697532301045,32.09519752712158,124.18297086737557,256.3578150270871,9.909220327479414,21.708198863154337,1.5997869548076915,2020,7,209,invierno,0,0.0012360142529905804,0.7024773776194111,10.854099431577168,-67.46664337738002,-151.8717939413565,-293.5277854201935,-527.0629950272545,-720.5111338148581
2020-08-12,1597190400000,0.6481835836090607,0.4139076524985152,21.94063186813189,16.24433273945876,31.098018078906367,31.098018078906367,42.037715611207396,143.53729783327088,163.10752856426168,5.696299128673132,19.092482303795325,1.5660063632310415,2020,8,225,invierno,0,-0.054911801136845684,0.6756394841774835,9.546241151897663,-35.72566998437728,-112.09559919955856,-244.34951894572245,-429.2371712805888,-696.054175106528
2020-08-28,1598572800000,0.6375969033681173,0.4495186052430643,27.17925426317129,19.54485025875969,0.0,45.49171920537521,107.19334011412845,139.28853764124995,231.3763109815042,7.6344040044116,23.36205226096549,1.4183962077101304,2020,8,241,invierno,0,-0.010586680240943447,0.642890243488589,11.681026130482746,-81.76718291337922,-129.723672751866,-243.23744380035396,-561.5730301877148,-819.916040761943
2020-09-13,1599955200000,0.6528560956986508,0.46331488928480496,29.133868668872502,22.813770255366098,0.0,10.150160520790973,55.641879726166216,128.28319816722043,220.41530875644557,6.320098413506404,25.9738194621193,1.4090949842156903,2020,9,257,primavera,0,0.015259192330533522,0.6452264995333841,12.98690973105965,-90.90836811741755,-184.6534854451038,-333.9654122056233,-650.9313856963586,-948.4065670389231
2020-09-29,1601337600000,0.6627434546534315,0.46040984983456323,32.26808263340972,22.964448120811088,15.522630406728654,20.73971932467152,30.889879845462495,138.0832199595909,170.1784174867125,9.30363451259863,27.616265377110402,1.4394609833620806,2020,9,273,primavera,0,0.009887358954780767,0.6577997751760412,13.808132688555201,-81.13429841315775,-186.3822710036565,-383.3541008111936,-690.4047413537212,-1072.5535244832556
2020-10-15,1602720000000,0.6604412282214938,0.5111416939796448,35.39164912885979,24.26536829394518,0.0,0.0,20.61532399595383,76.41308458118135,147.8745609090312,11.12628083491461,29.828508711402485,1.2920877790102863,2020,10,289,primavera,1,-0.0023022264319377816,0.6615923414374627,14.914254355701242,-104.3997804899087,-223.71381533551863,-426.81230667508345,-818.4421767608932,-1194.4083311040806
2020-10-31,1604102400000,0.6177848628601,0.4711398654476452,37.1053372434018,23.340822839399703,20.812026738661277,31.335725606745708,38.96326780462481,59.57859180057865,176.44952094116016,13.764514404002096,30.22308004140075,1.3112529779668423,2020,10,305,primavera,1,-0.04265636536139372,0.639113045540797,15.111540020700374,-84.96875340624135,-195.3373747037599,-414.3829328163864,-847.1138094414438,-1183.5890809218736
2020-11-16,1605484800000,0.5804909177160599,0.5224203553562189,37.75439365188891,22.57888218043819,15.137101438346965,15.137101438346965,42.02724441848767,74.70433896692451,130.51345382415315,15.175511471450722,30.166637916163552,1.1111546489523683,2020,11,321,primavera,1,-0.037293945144040164,0.59913789028808,15.083318958081776,-90.44613126822547,-211.11268293287966,-410.4723243239656,-830.294798517982,-1226.9852524032067
2020-12-02,1606867200000,0.7139686657053186,0.4472958011705827,31.16951819492749,,23.47906961917513,57.56163185701913,86.33333455140037,125.28877962731174,145.87928988474482,,,1.5961854943671663,2020,12,337,verano,0,0.1334777479892587,0.6472297917106893,0.0,23.47906961917513,57.56163185701913,86.33333455140037,125.28877962731174,145.87928988474482
2020-12-18,1608249600000,0.6971889642887438,0.6247923063873104,35.739617439986446,22.473119857494293,35.09147870009744,62.5915210755062,92.88710314225014,175.7444607863916,204.60615160888582,13.266497582492153,29.10636864874037,1.115871372438416,2020,12,353,verano,1,-0.01677970141657481,0.7055788149970312,14.553184324370186,-66.78081157049385,-155.70624379004659,-343.70842658885545,-697.4465986758195,-1105.180437584431
2021-01-01,1609459200000,0.7012315939278936,0.6028517422804899,29.310086251509425,21.815430395031953,32.66077139263671,53.37297900183275,114.17146688719251,200.20536687757843,239.16863468220325,7.494655856477472,25.56275832327069,1.1631888598121876,2021,1,1,verano,0,0.0040426296391498084,0.6992102791083187,12.781379161635344,-56.8088827388107,-138.3477084226974,-269.26990796186783,-566.6773828205422,-911.1554898649779
2021-01-17,1610841600000,0.7596781956184234,0.5752639986199759,31.470324305675387,,31.613158240654723,82.04273927328975,133.36222256531653,226.25900166927582,309.13824913100876,,,1.3205708628907424,2021,1,17,verano,0,0.05844660169052984,0.7304548947731585,0.0,31.613158240654723,82.04273927328975,133.36222256531653,226.25900166927582,309.13824913100876
2021-02-02,1612224000000,0.744697013659116,0.5370196317977431,30.65939679307713,,69.87543659925437,143.95218743555432,279.53496471664585,385.90306058281527,479.90930831807543,,,1.3867195589229977,2021,2,33,verano,0,-0.014981181959307421,0.7521876046387697,0.0,69.87543659925437,143.95218743555432,279.53496471664585,385.90306058281527,479.90930831807543
2021-02-18,1613606400000,0.7754688555187917,0.5339179180453042,31.629716636972933,22.715461949605523,0.0,5.279161205604865,109.50934482106241,336.2181969575726,422.3742718762332,8.91425468736741,27.172589293289228,1.452409400209699,2021,2,49,verano,0,0.03077184185967574,0.7600829345889539,13.586294646644614,-95.1040625265123,-198.51525849406437,-298.079494578276,-478.95948184110426,-800.3922463217821
2021-03-06,1614988800000,0.7753250106049033,0.49545773309578317,30.299612284720475,22.335887842538405,47.81173141953133,90.3795035583449,102.02675404647351,360.7699645648953,468.05984868278745,7.96372444218207,26.31775006362944,1.564862941784126,2021,3,65,otoño,0,-0.00014384491388841347,0.7753969330618475,13.15887503181472,-44.300393803171715,-107.00362191887591,-292.7394969079681,-428.7625373439879,-716.2389041805374
2021-03-22,1616371200000,0.6273320352931195,0.4220966743021973,20.873038165635894,,31.542622925661345,52.223281041431164,135.79195280909246,258.4802187033622,471.2830590107688,,,1.4862248088199284,2021,3,81,otoño,0,-0.1479929753117838,0.7013285229490114,0.0,31.542622925661345,52.223281041431164,135.79195280909246,258.4802187033622,471.2830590107688
2021-04-07,1617753600000,0.5447550352082803,0.40513351149571564,27.546781199626714,18.20631231231233,7.25645454038926,20.49215893358273,72.71543997501388,174.74219402148736,403.47733686588646,9.340468887314383,22.87654675596952,1.3446275736843545,2021,4,97,otoño,0,-0.08257700008483926,0.5860435352506999,11.43827337798476,-72.81145910550407,-151.0819417361887,-270.4327613645289,-511.5542086575983,-625.9672671527421
2021-04-23,1619136000000,0.7243909985577329,0.48829705607873064,23.069555442436634,16.040861118181077,0.0,12.50440573043027,32.996564664012986,168.78851747310546,291.4767833673752,7.028694324255557,19.555208280308854,1.4835017046247179,2021,4,113,otoño,0,0.17963596334945264,0.6345730168830066,9.777604140154427,-68.44322898108099,-134.15965637188611,-260.3315595406198,-417.8677309361601,-588.5075892465233
2021-05-09,1620518400000,0.7061218036820225,0.5041042674132516,25.278529736150023,15.792920166284913,25.58090831196378,107.95497717618277,137.14368496987314,197.04657104671313,311.8858789913605,9.48560956986511,20.535724951217468,1.4007427601488702,2021,5,129,otoño,0,-0.018269194875710437,0.7152564011198776,10.267862475608734,-46.29412901729735,-46.06295995794825,-170.8921892983889,-419.02517748981097,-612.2217438134255
2021-05-25,1621900800000,0.6921060575209975,0.4784325697802663,23.456291677271594,18.179342495970143,14.568046979628267,14.568046979628267,58.51444129441401,172.2038908830841,307.99584369217655,5.27694918130145,20.81781708662087,1.4466084765725493,2021,5,145,otoño,0,-0.014015746161024967,0.69911393060151,10.408908543310435,-58.294312823544786,-141.56558117002825,-253.75281500489902,-452.33062171554195,-628.8059252057626
2021-06-10,1623283200000,0.7116038262492577,0.41127765334690763,22.44945533214562,14.051179265292298,25.088752748523845,34.259794545070484,48.82784152469874,185.9715264945718,245.87441257141182,8.398276066853324,18.25031729871896,1.7302230992500116,2021,6,161,invierno,0,0.019497768728260145,0.7018549418851276,9.12515864935948,-38.787357796992524,-102.61758519532171,-224.92691795608567,-361.537992466997,-575.3898658709415
2021-06-26,1624665600000,0.6757889878679901,0.40902088741834214,20.28160261304831,10.560362263510669,7.662367598199554,16.04439656356419,50.30419110863467,92.81648668769944,209.27237759852542,9.721240349537641,15.42098243827949,1.652207396854541,2021,6,177,invierno,0,-0.03581483838126753,0.6936964070586239,7.710491219139745,-46.31107093577866,-99.61297172353198,-181.0105454655577,-369.81298646068524,-484.67183212405166
2021-07-12,1626048000000,0.6806950538729107,0.4632399932128613,26.694389581742627,18.89786459658949,0.0,27.297064036098035,34.95943163429759,92.16930212436095,216.80858136380385,7.7965249851531375,22.796127089166056,1.469418863714698,2021,7,193,invierno,0,0.004906066004920606,0.6782420208704505,11.398063544583028,-79.7864448120812,-143.6738891326474,-306.98247470319325,-591.7145105506207,-809.0171376486687
2021-07-28,1627430400000,0.6312502248239584,0.4014753457198608,24.368447442097253,13.862805007052216,11.324519051702067,11.4943502655039,16.020576565524763,89.09560541023657,131.60790098930133,10.505642435045036,19.115626224574733,1.5723223336909307,2021,7,209,invierno,0,-0.04944482904895231,0.6559726393484346,9.557813112287366,-55.5801727343095,-131.8728464188066,-270.7138168030962,-484.37318132700545,-728.5952791165616
2021-08-13,1628812800000,0.593779562229575,0.40993785526427395,28.128160685500994,21.980413167048468,0.0,2.810714797471188,14.305065062975086,49.26449669727266,106.47436718733607,6.147747518452526,25.05428692627473,1.4484588484465202,2021,8,225,invierno,0,-0.037470662594383475,0.6125148935267667,12.527143463137365,-87.69000424196156,-185.0964371495893,-361.50923883114586,-702.3641110909692,-1020.9685444950268
2021-08-29,1630195200000,0.6361130228217525,0.43617092559599546,29.797089166030414,21.024400610842488,82.55488408984264,82.55488408984264,85.36559888731381,101.38617545283861,165.3678123459031,8.772688555187926,25.41074488843645,1.4583997398561426,2021,8,241,invierno,0,0.042333460592177574,0.6149462925256637,12.705372444218225,-6.382723019684931,-108.02570257343073,-295.79557443923295,-660.9361712002549,-978.1157076337372
2021-09-14,1631577600000,0.6697193094086704,0.45786545346568247,29.43764910494613,22.45298973445324,35.80933565829275,43.44823332513329,126.00311741497593,140.1383512641492,175.26761411224865,6.9846593704928885,25.945319419699686,1.4626957365830833,2021,9,257,primavera,0,0.03360628658691789,0.6529161661152114,12.972659709849843,-54.999282310656156,-151.14166232261437,-263.1766738805194,-638.2212313268415,-992.2717597742372
2021-09-30,1632960000000,0.6830534232629167,0.5620587935861541,32.238904725545105,23.87968354967341,0.0,4.378943618880969,47.827176944014255,133.19277583132802,149.21335239685286,8.359221175871696,28.059294137609257,1.2152682526974177,2021,9,273,primavera,0,0.013334113854246321,0.6763863663357936,14.029647068804628,-98.2075294816324,-206.06576241318845,-373.0622351201246,-708.5860482969497,-1113.4548837955638
2021-10-16,1634342400000,0.7217219394247901,0.5442463731229319,30.210074658522096,23.513659964367562,29.31757457818432,29.400037987840836,30.250887685031635,159.78209902169777,173.91733287087098,6.696414694154534,26.86186731144483,1.3260917278911168,2021,10,289,primavera,0,0.03866851616187339,0.7023876813438534,13.430933655722415,-64.69896101187258,-172.06396684799537,-372.6771219866408,-646.0739203216472,-1034.8666961441463
2021-11-01,1635724800000,0.6759801966534414,0.6100304985337244,31.38789028808008,23.17088666551668,12.71767196569727,59.732093496159735,99.29811877819394,146.93434763193252,232.38232969386385,8.2170036225634,27.27938847679838,1.1081070375517195,2021,11,305,primavera,0,-0.04574174277134868,0.6988510680391158,13.63969423839919,-82.76018770309707,-144.86332007982813,-309.8927083737818,-671.447306672019,-995.1901517620632
2021-11-17,1637107200000,0.7458662929101256,0.5986076246334311,31.74005692599622,21.555689149560166,32.63121328802998,58.60046909306609,118.3325625892259,158.76238958116275,288.1246700353903,10.184367776436055,26.647873037778194,1.2459999108213158,2021,11,321,primavera,0,0.06988609625668418,0.7109232447817835,13.323936518889097,-60.63634234419369,-141.25857869027035,-281.385532977447,-640.673801552183,-911.0296166646284
2021-12-03,1638489600000,0.6705036898803972,0.5914290525065741,32.34028246670626,,52.16361210835437,65.02712599696653,112.43090503486181,222.84400992434337,270.6116975439101,,,1.1336990520496828,2021,12,337,verano,0,-0.07536260302972841,0.7081849913952614,0.0,52.16361210835437,65.02712599696653,112.43090503486181,222.84400992434337,270.6116975439101
2022-01-01,1640995200000,0.7109989046058307,0.6238664654131449,29.32958081766434,22.99262549594619,5.288742219412638,176.81858180518066,321.95922243543714,441.31503217640204,540.613150954596,6.3369553217181505,26.161103156805265,1.1396633804825589,2022,1,1,verano,0,0.04049521472543349,0.690751297243114,13.080551578402632,-86.27511882940578,-19.389691870858826,-70.45732491664182,-343.5180625277559,-636.636491101641
2022-02-02,1643760000000,0.7686284635615506,0.5173272503605667,27.94147705098839,21.848610333418197,32.94968186491185,32.94968186491185,75.9444498317563,393.3849743089975,505.69870011161424,6.0928667175701925,24.895043692203295,1.4857654942018592,2022,2,33,verano,0,0.05762955895571986,0.7398136840836906,12.447521846101647,-54.182971057799676,-153.76314582661286,-297.48120555129316,-353.46633645710136,-614.5782660375339
2022-02-18,1645142400000,0.7323938576397726,0.5219162127767878,26.377355558907865,20.298545007211363,9.101527597235291,32.30483848075481,65.25452034566665,244.2266538989668,490.65336975630987,6.0788105516965025,23.337950283059612,1.4032759213729953,2022,2,49,verano,0,-0.03623460592177796,0.7505111606006616,11.668975141529806,-72.58129839347335,-142.72978864219226,-284.8147339002275,-455.91185459282156,-559.5543929813726
2022-03-06,1646524800000,0.7691615678289642,0.540267319928735,29.404750148468693,24.08424450665989,0.0,16.03071073653124,64.77446950760829,140.71891933936462,432.29177325333893,5.320505641808804,26.74449732756429,1.4236658701928362,2022,3,65,otoño,0,0.03676771018919156,0.7507777127343684,13.372248663782145,-93.60574064647501,-184.55301922020092,-336.39299040585604,-661.616000487564,-771.2106064870541
2022-03-22,1647907200000,0.7594956647153643,0.5100397895987103,28.461840162891335,19.549082039535104,12.311236171491014,38.55573136235877,54.58644209888999,136.2798827348789,230.77162241524601,8.91275812335623,24.00546110121322,1.489088089038761,2022,3,81,otoño,0,-0.009665903113599827,0.7643286162721643,12.00273055060661,-71.70787768275525,-141.48522689674041,-305.4954744193084,-583.8839503015178,-849.474127139349
2022-04-23,1650672000000,0.7252241113090695,0.4688491897853566,24.210000000000036,21.11554848561977,0.0,74.5655627095326,150.72180054219533,205.30824264108534,287.0016832770742,3.0944515143802676,22.662774242809903,1.5468141575053707,2022,4,113,otoño,0,-0.03427155340629484,0.7423598880122169,11.331387121404951,-79.31970984983465,-95.40524411154166,-189.2198130999532,-474.5749846432117,-732.8231576493714
2022-05-09,1652054400000,0.6794132179519811,0.47736492746245857,25.597971494018875,18.097223212013255,26.68625242926342,26.68625242926342,99.3824089215671,200.35886126295978,257.5349429579061,7.50074828200562,21.847597353016063,1.4232545283731255,2022,5,129,otoño,0,-0.045810893357088434,0.7023186646305253,10.923798676508031,-49.780338306292805,-137.17072771835706,-228.33155137367385,-455.06905932752215,-725.6069379278167
2022-05-25,1653436800000,0.6148506405361838,0.4317970221430387,26.26580894205483,19.72734622889627,0.0,0.0,26.68625242926342,139.10308332464265,215.9728113706203,6.538462713158559,22.99657758547555,1.423931118268315,2022,5,145,otoño,0,-0.0645625774157973,0.6471319292440825,11.498288792737775,-80.48802154916442,-172.4743318910666,-318.2624113528698,-550.7942442396238,-818.8731799757793
2022-06-10,1654819200000,0.678241376092305,0.3909119114278443,21.506687876474114,14.607646559769291,0.19127818853828632,19.03136302189557,19.03136302189557,118.41377194346262,208.75065216484523,6.899041316704823,18.057167218121702,1.7350191213049675,2022,6,161,invierno,0,0.06339073555612118,0.6465460083142444,9.028583609060851,-63.00880707488767,-116.39739111401718,-251.82614524992994,-423.3012446001884,-603.8218726506313
2022-06-26,1656201600000,0.6502936285738525,0.4122050394502418,24.857143463137355,17.065321964876578,0.0,10.327816080435094,22.89461861035079,56.04543153159406,168.46226242697335,7.791821498260777,20.961232714006968,1.5775936457436375,2022,6,177,invierno,0,-0.027947747518452415,0.6642675023330787,10.480616357003484,-73.36431449902439,-146.88142927461715,-291.5238720997537,-572.7915498886149,-774.7932097033403
2022-07-28,1658966400000,0.6073477475184526,0.36135736828709586,23.19734877407319,19.852925256638677,0.0,41.16766117190932,47.266852172567724,70.16147078291851,103.31228370416184,3.344423517434514,21.525137015355934,1.6807352501545514,2022,7,209,invierno,0,-0.04294588105539998,0.6288206880461525,10.762568507677967,-75.33797955374577,-120.27086644326019,-275.6102030577713,-575.5926396777595,-865.3188819868552
2022-08-13,1660348800000,0.5894348265037752,0.3608270552303384,24.95485280393656,19.82497073046578,8.984965859210305,19.937893506962197,61.10555467887153,77.532561759965,96.56392478186056,5.129882073470782,22.38991176720117,1.633561520396476,2022,8,225,invierno,0,-0.01791292101467734,0.5983912870111139,11.194955883600585,-69.37972532599379,-147.98644474704656,-274.74312182914605,-594.1647912560701,-910.9821047421921
2022-08-29,1661731200000,0.5615620768643419,0.3560856197505726,28.128091117332705,19.854666157631314,11.521347400401195,16.222993015808093,36.160886522770284,83.42773869533801,106.32235730568884,8.27342495970139,23.991378637482008,1.5770378489865706,2022,8,241,invierno,0,-0.027872749639433314,0.5754984516840586,11.995689318741004,-72.44847783078583,-163.71234676530696,-323.70979303945984,-636.3136204291222,-973.2896813810015
2022-09-14,1663113600000,0.5724627555781793,0.3977885297361499,29.558254857045885,21.437153643844955,17.479340973444092,17.479340973444092,33.70233398925218,88.23059797015938,111.23489574921716,8.12110121320093,25.49770425044542,1.43910966172963,2022,9,257,primavera,0,0.010900678713837375,0.5670124162212606,12.74885212522271,-71.76262390311487,-173.75344090489656,-348.76322976742915,-676.7005295432033,-1036.1617955208267
2022-09-30,1664496000000,0.6584895393229827,0.44416138118265885,30.281989479935504,21.267583778739297,41.25309050216406,80.43758945738102,115.3962714042692,151.55715792703944,198.82401009960728,9.014405701196207,25.7747866293374,1.4825423476198973,2022,9,273,primavera,0,0.08602678374480344,0.615476147450581,12.8873933146687,-48.95866270051683,-112.87331026264945,-271.22552803579174,-621.6864409530824,-961.0413882205758
2022-11-01,1667260800000,0.6943323356908746,0.47809930998792477,29.985018112817002,16.652791098844244,56.121680115756874,75.219976792361,93.89497555628587,210.06905298049386,246.25672890025632,13.332227013972759,23.318904605830625,1.4522733434504804,2022,11,305,primavera,0,0.035842796367891894,0.6764109375069287,11.659452302915312,-25.494486004650312,-99.67180775136868,-255.88859353117346,-489.4980851944248,-803.0939783621218
2022-11-17,1668643200000,0.6812407710884939,0.5431116267034672,36.119944799033995,23.305713299982767,27.139593110570654,27.139593110570654,102.35956990293168,202.26826626738946,248.66921249988755,12.814231499051228,29.71282904950838,1.254326888371982,2022,11,321,primavera,1,-0.0130915646023807,0.6877865533896843,14.85641452475419,-76.85530856270867,-195.7066247607422,-343.33286583969397,-689.1166052178619,-1088.4080947279895
2022-12-03,1670025600000,0.6844271951009141,0.44229562704847303,33.06234776608591,24.52591340348461,19.819031717778483,32.5065892846991,59.64618239526976,153.54115795155565,269.7152353757637,8.536434362601298,28.794130584785258,1.5474393274672318,2022,12,337,verano,0,0.003186424012420197,0.682833983094704,14.397065292392629,-80.96042532896992,-183.44939010119032,-372.2657763765091,-710.2827595920021,-1026.0206409395728
2022-12-19,1671408000000,0.762362923063873,0.540561277462041,30.109854101280867,22.20036220205279,43.68296599883606,74.7946322435681,107.27295314932968,209.62418857859694,309.5125742371209,7.909491899228076,26.15510815166683,1.4103146942535352,2022,12,353,verano,0,0.07793572796295889,0.7233950590823935,13.077554075833415,-47.85991253199784,-121.36867889393314,-285.0536691256728,-575.0290559714081,-867.4672925878865
2023-01-01,1672531200000,0.7742767552182162,0.5589363463860616,31.55977057098502,21.917038123167192,9.26535596776794,66.95760116656113,131.68478111515833,182.0807331892793,275.9757087455652,9.642732447817828,26.738404347076106,1.3852657372503039,2023,1,1,verano,0,0.011913832154343162,0.7683198391410446,13.369202173538053,-84.31905924699842,-133.58043143650968,-269.3912840909833,-620.0713972230039,-927.2524868728594
2023-01-17,1673913600000,0.7367679489391065,0.6869499482490945,27.72383129204765,22.59397274452305,85.49134165323126,147.7255177036409,219.28428528106105,307.2678241932086,409.62739409614034,5.129858547524599,25.15890201828535,1.0725190070950275,2023,1,17,verano,0,-0.037508806279109685,0.7555223520786614,12.579451009142675,-2.5648154107674657,-40.966247433499234,-158.0992449932192,-447.4992363553519,-722.5231967267005
2023-02-02,1675296000000,0.6878311020615933,0.5510789768388902,29.54265631628069,,69.8921000736405,97.96935102485908,227.58108976753627,373.289382194435,432.91754803461725,,,1.2481511413409285,2023,2,33,verano,0,-0.04893684687751321,0.7122995255003499,0.0,69.8921000736405,97.96935102485908,227.58108976753627,373.289382194435,432.91754803461725
2023-02-18,1676678400000,0.7470554848561974,0.4744865954017138,28.192158310002554,18.484439636888137,102.97853145793948,151.8058121919612,276.4457652537667,468.0499039759432,584.2915160688541,9.707718673114417,23.338298973445347,1.574446818201265,2023,2,49,verano,0,0.05922438279460418,0.7174432934588953,11.669149486722674,21.294485050880766,-23.231430108878897,-73.62871934791349,-232.09906522741716,-465.93193773618657
2023-03-06,1678060800000,0.7224615169254262,0.5723591499109187,28.397272418766484,22.936705692712327,51.22430012682632,59.47992917649302,183.65751021436478,421.5414748121644,611.2457255998357,5.460566726054157,25.666989055739407,1.262249856210061,2023,3,65,otoño,0,-0.024593967930771288,0.7347585008908117,12.833494527869703,-38.6101615682616,-133.02248874155254,-201.34732562172633,-348.4681968600178,-543.7687819084375
2023-04-07,1680825600000,0.7446907610078899,0.5616809790447104,27.278519555442458,19.791798591668794,16.529212999315547,93.47069360856501,242.8615892361045,438.2045093522862,676.0884739500862,7.486720963773664,23.535159073555626,1.3258227765726696,2023,4,97,otoño,0,0.02222924408246374,0.733576138966658,11.767579536777813,-65.84384375812914,-83.04299944310218,-110.16579686722989,-267.85026285438255,-382.9936843599171
2023-05-09,1683590400000,0.7195325867481127,0.49818718079239827,23.091523712564733,17.662357682192308,30.581041513290714,90.97371129070495,157.7191220291842,318.78284206996784,585.3570188111886,5.429166030372425,20.376940697378522,1.444298790074973,2023,5,129,otoño,0,-0.025158174259777177,0.7321116738780014,10.188470348689261,-40.73825092753411,-61.85334393963396,-147.93498843149362,-292.5253788513878,-331.60531257084494
2023-05-25,1684972800000,0.6930590820395351,0.43503728684143517,24.650000000000034,20.622086196657357,20.178315244619494,20.178315244619494,112.8059800287497,226.71371510035505,493.57831908164326,4.027913803342678,22.636043098328695,1.5930990512845244,2023,5,145,otoño,0,-0.026473504708577567,0.7062958343938239,11.318021549164348,-59.04783559953094,-149.59200799284574,-226.73466644618074,-452.36757784950584,-525.0436203431481
2023-06-10,1686355200000,0.7138709680156103,0.41512563841520317,18.874995333842392,16.85613048273525,0.0,35.356052250456344,55.534367495075855,214.90744301768535,375.97116305846885,2.0188648511071428,17.865562908288823,1.7196462523843334,2023,6,161,invierno,0,0.020811885976075195,0.7034650250275727,8.932781454144411,-62.52947017901088,-98.63566956170982,-212.44907612925647,-321.0594442309793,-427.9791678145282
2023-06-26,1687737600000,0.7152462034444728,0.4291529736149995,22.79288623059306,19.93417578688387,0.0,54.80674767277769,90.16279992323402,202.96877995198375,286.2434036897786,2.858710443709189,21.363531008738462,1.6666423880910655,2023,6,177,invierno,0,0.0013752354288624202,0.7145585857300416,10.681765504369231,-74.77235853058463,-105.41973489276079,-230.29016520784293,-437.9371503101702,-675.1154917034522
2023-07-12,1689120000000,0.6953890218036816,0.39254161364214796,20.612706371426167,6.142851851851885,0.0,0.0,12.191395475511039,110.34111516785353,269.71419069046294,14.469854519574282,13.377779111639025,1.771499443975314,2023,7,193,invierno,0,-0.0198571816407912,0.7053176126240772,6.688889555819513,-46.82222689073659,-100.33334333729269,-188.47529119907435,-290.9922581813172,-332.28586933329325
2023-07-28,1690502400000,0.6903331042674132,0.43099916857554926,27.10602952405196,19.378168321031662,6.262940709297816,11.866638117187698,11.866638117187698,66.73865279063544,214.83541806917137,7.727861203020296,23.24209892254181,1.6017003115078967,2023,7,209,invierno,0,-0.005055917536268328,0.6928610630355474,11.621049461270905,-75.08440551959852,-162.44910380187588,-336.7648457209395,-630.5243148856189,-831.05903344521
2023-08-13,1691884800000,0.6227909561381182,0.3786270128107236,27.818792737761967,20.411162297446364,19.80104737910057,19.80104737910057,26.06398808839839,31.667685496288257,142.0088006641418,7.407630440315604,24.114977517604167,1.644862332067997,2023,8,225,invierno,0,-0.06754214812929504,0.6565620302027657,12.057488758802084,-64.60137393251402,-161.06128400293068,-335.6606746756641,-691.7816400318367,-943.1651876280457
2023-08-29,1693267200000,0.5923816662424705,0.3763085263425806,29.25614575379657,22.803192500212113,0.0,4.916713139417567,24.717760518518133,36.58439863570584,91.39114630848351,6.452953253584457,26.02966912700434,1.5741872707819373,2023,8,241,invierno,0,-0.03040928989564773,0.6075863111902944,13.01483456350217,-91.10384194451518,-190.30580531311497,-365.7272763865469,-744.3056751744243,-1079.9439644067118
2023-09-14,1694649600000,0.5618879104097734,0.3905536183931449,30.71244336981421,21.500411470263877,23.67587006283219,44.64068945979123,44.64068945979123,75.62139068760722,81.22508809549709,9.212031899550333,26.106427420039044,1.4386922697817361,2023,9,257,primavera,0,-0.03049375583269709,0.577134788326122,13.053213710019522,-67.69662590730447,-151.1575161905016,-346.9557218407944,-707.5714319135641,-1093.5641458062598
2023-09-30,1696032000000,0.5543421905489101,0.41699836260286754,32.07299312802243,23.262652922711492,11.846282012430052,20.42489223855641,65.06558169834766,89.78334221686582,101.64998033405348,8.81034020531094,27.667823025366964,1.329359803067234,2023,9,273,primavera,0,-0.007545719860863276,0.5581150504793417,13.833911512683482,-84.99109857635432,-187.08378045169582,-349.9517636821568,-740.2513485441432,-1143.4020558074599
2023-10-16,1697414400000,0.6251976160176466,0.4372130652413677,33.35937812844664,25.23144057011964,0.0,30.57838304960931,51.00327528816572,95.64396474795693,126.62466597577291,8.127937558327002,29.29540934928314,1.4299576928580762,2023,10,289,primavera,0,0.07085542546873647,0.5897699032832784,14.64770467464157,-102.53393272249099,-189.13718707001425,-388.4278649510814,-783.2183157305373,-1191.6687547419685
2023-11-01,1698796800000,0.624252320165603,0.4369276867345178,30.68499396239437,23.735746075556367,43.5683334321632,43.5683334321632,74.1741257414687,139.1562996747598,163.90654539198263,6.949247886838002,27.210370018975368,1.4287281634700832,2023,11,305,primavera,0,-0.000945295852043615,0.6247249680916247,13.605185009487684,-51.66796163425059,-160.50944171015206,-333.98142454316184,-677.1548008945012,-1060.560105461909
2023-11-17,1700179200000,0.5812962566844918,0.369392668621701,29.521111497047603,20.795706399862027,0.0,0.0,43.5683334321632,94.57462540301287,139.1562996747598,8.725405097185575,25.158408948454813,1.5736497565143759,2023,11,321,primavera,0,-0.04295606348111114,0.6027742884250473,12.579204474227407,-88.05443131959184,-188.6880671134111,-333.807800794659,-660.1776430506316,-992.9721030057067
2023-12-03,1701561600000,0.5702592925608619,0.44084598354398186,32.70524980914413,,8.9597731212571,45.97458703997824,45.97458703997824,119.96100009700118,168.08068689611164,,,1.293553804035429,2023,12,337,verano,0,-0.011036964123629867,0.5757777746226769,0.0,8.9597731212571,45.97458703997824,45.97458703997824,119.96100009700118,168.08068689611164
2023-12-19,1702944000000,0.5788849605564509,0.4275758758164393,29.41454491475105,,17.354690646243483,34.43072204385987,80.40530908383812,123.84998996984424,166.25255856913193,,,1.3538734045219247,2023,12,353,verano,0,0.008625667995588948,0.5745721265586564,0.0,17.354690646243483,34.43072204385987,80.40530908383812,123.84998996984424,166.25255856913193
2024-01-01,1704067200000,0.6871092634121095,0.52399265999655,28.288946006555115,23.22402104536834,56.162567919608904,100.24411737209397,134.91041428413146,180.9110048440318,255.08513058550054,5.064924961186776,25.756483525961727,1.3112930859061034,2024,1,1,verano,0,0.10822430285565865,0.6329971119842802,12.878241762980863,-33.98512442125714,-92.929509072619,-251.43683860529447,-591.78350093482,-903.9566280827771
2024-02-02,1706832000000,0.6299706371426146,0.45253588699414615,33.1721175871723,24.66722355393436,22.35226224613035,44.01683489815358,69.14327466507098,212.74127094333187,258.6154740055958,8.504894033237942,28.91967057055333,1.3920868226389769,2024,2,33,verano,0,-0.05713862626949495,0.6585399502773621,14.459835285276665,-78.8665847508063,-172.8806943809964,-364.651783893229,-654.848846173268,-1042.769701669304
2024-02-18,1708214400000,0.7226853312971919,0.5387282853991686,28.19266055824217,22.407979129549503,15.187350084047997,46.62193457398836,81.19673010521569,180.8861873960782,300.3334747487435,5.784681428692668,25.300319843895835,1.3414628661995274,2024,2,49,verano,0,0.09271469415457734,0.6763279842199033,12.650159921947917,-73.36376936958743,-143.13046425523038,-298.3080675532218,-578.1234079207968,-838.180918226569
2024-03-05,1709596800000,0.5795722066683632,0.49973177229150745,28.59744379401033,,9.251378469231714,93.05694602696234,148.59831521051305,213.27519170785064,361.3395861538452,,,1.1597642556255712,2024,3,65,otoño,0,-0.14311312462882875,0.6511287689827776,0.0,9.251378469231714,93.05694602696234,148.59831521051305,213.27519170785064,361.3395861538452
2024-03-21,1710979200000,0.5753581233562397,0.3782734198693474,30.515860693984912,23.12983032154072,2.055274955368915,16.757140191667123,95.5345900886445,199.93025093340756,299.61970822427014,7.386030372444193,26.822845507762814,1.5210072189257822,2024,3,81,otoño,0,-0.004214083312123473,0.5774651650123015,13.411422753881407,-91.82468432180093,-184.41420111655398,-306.8080925277977,-604.7551142994769,-907.4083396250564
2024-04-06,1712361600000,0.5865919826927969,0.3765330957834902,30.38227963010096,22.880783066089762,10.359264564886344,13.083161594243288,45.38395088791208,187.98354198140336,258.65914259576266,7.501496564011198,26.63153134809536,1.5578721535754136,2024,4,97,otoño,0,0.011233859336557184,0.5809750530245184,13.31576567404768,-82.85109515344742,-186.65332351647194,-354.08901933351837,-610.9623984614575,-939.7597680685285
2024-05-24,1716508800000,0.6169053363875453,0.3925108424535503,20.143721897005204,11.511822346653119,5.242306018388685,31.562730792724256,119.88120035731954,222.23224784474925,333.420142509782,8.631899550352085,15.827772121829161,1.5716859204332152,2024,5,145,otoño,0,0.030313353694748413,0.6017486595401711,7.913886060914581,-50.154896408013386,-87.14556012099446,-117.53538147011788,-252.6009158101256,-378.82960297253027
2024-06-09,1717891200000,0.6117878170866208,0.4523829982183761,24.129979638584928,21.0578391448206,0.0,0.0,5.256527628578545,202.7856169153716,243.10315675958776,3.0721404937643264,22.593909391702766,1.3523639640129288,2024,6,161,invierno,0,-0.005117519300924522,0.614346576737083,11.296954695851383,-79.07868287095968,-169.45432043777075,-333.6521132469629,-475.03166483571135,-773.6227658670366
2024-06-25,1719273600000,0.6127129125307542,0.3968420293543733,22.78963688809709,14.705148892848067,19.455194265330476,26.314211749145795,26.314211749145795,146.19541210646534,248.54645959389495,8.084487995249022,18.74739289047258,1.5439679349479345,2024,6,177,invierno,0,0.0009250954441334391,0.6122503648086874,9.37369644523629,-46.16068085132355,-114.29123492939856,-254.89668160794292,-416.22637460771205,-595.0862204773711
2024-07-11,1720656000000,0.5565548994655128,0.3457972512089589,16.787648256553855,12.067423406862769,7.330485701065405,7.330485701065405,33.64469745021119,38.901225078789736,204.88419098473494,4.7202248496910855,14.427535831708312,1.609478641143266,2024,7,193,invierno,0,-0.056158013065241374,0.5846339059981336,7.213767915854156,-43.165889709913685,-100.87603303674693,-182.76834002541347,-393.9248498724596,-444.35492144213913
2024-07-27,1722038400000,0.5414686349367945,0.3604776872825993,25.110161194536367,20.51227029778574,5.687633062244382,5.817697835249724,13.148183536315129,39.46239528546093,159.34359564278049,4.597890896750627,22.811215746161054,1.5020822424164766,2024,7,209,invierno,0,-0.015086264528718307,0.5490117672011536,11.405607873080527,-74.1516220493193,-165.26642026095817,-329.0200526561007,-644.8740770993707,-867.1611129344669
2024-08-12,1723420800000,0.5177517179944003,0.31026842283872075,28.34698311699331,23.404896071943668,0.0,8.52736359839222,14.345061433641943,47.82762665007317,53.24628651243166,4.942087045049643,25.87593959446849,1.668716540796641,2024,8,225,invierno,0,-0.023716916942394195,0.5296101764655974,12.937969797234246,-90.56578858063972,-185.54218336012147,-373.7940324833854,-728.4505611839816,-1111.1709952386504
2024-08-28,1724803200000,0.43490548909815907,0.3079333078815645,28.286762534996225,20.732697887503225,12.761119311757819,12.761119311757819,21.288482910150037,34.436666446465146,60.750878195610944,7.554064647493,24.509730211249725,1.4123320395512065,2024,8,241,invierno,0,-0.08284622889624127,0.4763286035462797,12.254865105624862,-73.02293642761622,-171.0618572726151,-346.3574702585958,-700.8552398910266,-1042.1869813106266
2024-09-13,1726185600000,0.5355263256129634,0.35458639178756246,28.994352252481555,21.489988122507892,2.101034135780798e-05,2.8787839343966115,16.77744485124374,31.122506284885688,63.29089475510794,7.504364129973663,25.24217018749472,1.5102802243284603,2024,9,257,primavera,0,0.10062083651480436,0.48521590735556125,12.62108509374736,-88.34757464589018,-186.4374924718138,-361.8551079611771,-726.142599339956,-1072.6067636821545
2024-09-29,1727568000000,0.5665125731738354,0.4219766098243828,29.982245694409084,24.29682446763388,0.0,56.08531863254333,58.96411435033281,72.98145967277758,94.5383224018873,5.685421226775205,27.13953508102148,1.342518086231174,2024,9,273,primavera,0,0.030986247560871982,0.5510194493933994,13.56976754051074,-94.98837278357519,-147.46119447511776,-348.1289118649894,-741.2045927578669,-1126.7407562440792
2024-10-15,1728950400000,0.6556524136760838,0.4406329600407226,27.33187155340628,22.23275557817937,28.325262755446314,30.925729235964326,33.90468814639643,103.78850450314428,118.1335659367862,5.099115975226912,24.782313565792826,1.4879752201021674,2024,10,289,primavera,0,0.08913984050224844,0.6110824934249597,12.391156782896413,-58.41283472482857,-154.94162250748187,-337.83001534049595,-639.6809024706405,-997.0705445238909
2024-10-31,1730332800000,0.6243687452277932,0.4501695681683209,31.183092389921114,22.02123441079157,69.82071475447857,119.04521092857178,149.97094016453622,206.05629159081366,222.95239983731372,9.161857979129543,26.602163400356343,1.3869603865225122,2024,10,305,primavera,0,-0.03128366844829067,0.6400105794519385,13.301081700178171,-23.286857146768625,-80.47101457410079,-249.06151084080892,-592.0086104198766,-974.1449531787217
2024-12-18,1734480000000,0.6863800759013284,0.5187174745558049,30.081830257029527,21.61413144730034,25.70898258955453,94.74268484666715,200.85799321853563,309.9069518076462,389.917419062111,8.467698809729185,25.847980852164934,1.3232227298036714,2024,12,353,verano,0,0.06201133067353526,0.6553744105645608,12.923990426082467,-64.75895039302273,-99.11717154456986,-186.86171956393838,-465.53247375730183,-773.241719285311
